<class>  
    <student>  
        <id>101</id>  
        <firstname>Naman</firstname>  
        <lastname>Kumar</lastname>  
        <subject>Math</subject>  
        <marks>83</marks>  
    </student>  
      
    <student>  
        <id>102</id>  
        <firstname>Kapil</firstname>  
        <lastname>Kumar</lastname>  
        <subject>Chemistry</subject>  
        <marks>60</marks>  
    </student>  
  
    <student>  
        <id>103</id>  
        <firstname>Harsh</firstname>  
        <lastname>Singh</lastname>  
        <subject>English</subject>  
        <marks>70</marks>  
    </student>  
  
    <student>  
        <id>104</id>  
        <firstname>Jitesh</firstname>  
        <lastname>Singh</lastname>  
        <subject>Physics</subject>  
        <marks>76</marks>  
    </student>  
</class>